{
    "camera": 
    {
        "translate": 
        {
            "x": 0.0,
            "y": 0.0,
            "z": 0.0
        },
        "rotate": 
        {
            "x": 0.0,
            "y": 90.0,
            "z": 0.0
        },
        "near": 0.1,
        "far": 500.0,
        "FOVy": 60.0
    },
    "objects": 
    [
      {
        "mesh": "data/gltf/vokselia/vokselia.gltf",
        "translate": {
          "x": 0.0,
          "y": 0.0,
          "z": 0.0
        },
        "rotate": {
          "x": 0.0,
          "y": 0.0,
          "z": 0.0
        },
        "scale": {
          "x": 1.0,
          "y": 1.0,
          "z": 1.0
        }
      }
    ],
    "lights": 
    [
        {
            "position": 
            {
                "x": 0.0,
                "y": 10.0,
                "z": 0.0
            },
            "color": 
            {
                "x": 1.0,
                "y": 1.0,
                "z": 1.0
            },
            "radius": 30
        },        
        {
            "position": 
            {
                "x": 100.0,
                "y": 10.0,
                "z": 40.0
            },
            "color": 
            {
                "x": 1.0,
                "y": 1.0,
                "z": 1.0
            },
            "radius": 30
        },        
        {
            "position": 
            {
                "x": -100.0,
                "y": 10.0,
                "z": -40.0
            },
            "color": 
            {
                "x": 1.0,
                "y": 1.0,
                "z": 1.0
            },
            "radius": 30
        },        
        {
            "position": 
            {
                "x": 0.0,
                "y": 60.0,
                "z": 40.0
            },
            "color": 
            {
                "x": 1.0,
                "y": 0.95,
                "z": 0.65
            },
            "radius": 30
        },        
        {
            "position": 
            {
                "x": 0.0,
                "y": 60.0,
                "z": -40.0
            },
            "color": 
            {
                "x": 1.0,
                "x": 1.0,
                "y": 0.95,
                "z": 0.65
            },
            "radius": 30
        },        
        {
            "position": 
            {
                "x": 100.0,
                "y": 60.0,
                "z": 0.0
            },
            "color": 
            {
                "x": 1.0,
                "x": 1.0,
                "y": 0.95,
                "z": 0.65
            },
            "radius": 30
        }
    ]
}