{
    "camera": 
    {
      "translate": {
        "x": 0.0,
        "y": 6375.0,
        "z": 0.0
      },
        "rotate": 
        {
            "x": 0.0,
            "y": 100,
            "z": 0.0
        },
        "near": 0.1,
        "far": 100000.0,
        "FOVy": 30.0
    },
  "objects": 
    [
      {
        "mesh": "data/gltf/vokselia/vokselia.gltf",
        "translate": {
          "x": 0.0,
          "y": 6369.0,
          "z": 0.0
        },
        "rotate": {
          "x": 0.0,
          "y": 0.0,
          "z": 0.0
        },
        "scale": {
          "x": 10,
          "y": 10,
          "z": 10
        }
      },
      {
        "mesh": "data/gltf/vokselia/vokselia.gltf",
        "translate": {
          "x": 35.0,
          "y": 6369.0,
          "z": 0.0
        },
        "rotate": {
          "x": 0.0,
          "y": 0.0,
          "z": 0.0
        },
        "scale": {
          "x": 10,
          "y": 10,
          "z": 10
        }
      }
    ],
    "lights": 
    [   
    ],
    "directional_light":
    {
        "direction": 
        {
            "x": 0.3,
            "y": -0.6,
            "z": -0.7
        },
        "color": 
        {
            "x": 1.0,
            "y": 1.0,
            "z": 1.0
        }
    }
}